timestamp,total_agents,agents_moving,agents_slowed,agents_stopped,average_speed,total_flow_rate,max_density,min_stability,congestion_severity
0.10,0,0,0,0,0.000,0.000,0.000,1.000,0.000
0.20,0,0,0,0,0.000,0.000,0.000,1.000,0.000
0.30,0,0,0,0,0.000,0.000,0.000,1.000,0.000
0.40,2,2,0,0,0.961,0.156,0.017,0.999,0.000
0.50,2,2,0,0,0.871,0.145,0.017,0.999,0.000
0.60,2,2,0,0,0.871,0.135,0.017,0.999,0.000
0.70,4,4,0,0,1.095,0.356,0.034,0.840,0.000
0.80,4,4,0,0,1.045,0.345,0.034,0.924,0.000
0.90,4,4,0,0,1.039,0.334,0.034,0.984,0.000
1.00,6,6,0,0,0.956,0.481,0.052,0.946,0.000
1.10,6,6,0,0,0.956,0.470,0.052,0.874,0.000
1.20,6,6,0,0,0.956,0.470,0.052,0.874,0.000
1.30,6,6,0,0,0.956,0.470,0.052,0.874,0.000
1.40,8,8,0,0,1.091,0.720,0.069,0.733,0.000
1.50,8,8,0,0,1.066,0.708,0.069,0.790,0.000
1.60,8,8,0,0,1.057,0.697,0.069,0.845,0.000
1.70,10,10,0,0,1.073,0.881,0.086,0.811,0.000
1.80,10,10,0,0,1.053,0.868,0.086,0.853,0.000
1.90,10,10,0,0,1.051,0.857,0.086,0.878,0.000
2.00,12,12,0,0,1.082,1.075,0.103,0.871,0.000
2.10,12,12,0,0,1.070,1.061,0.103,0.891,0.000
2.20,12,12,0,0,1.070,1.053,0.103,0.892,0.000
2.30,12,12,0,0,1.070,1.053,0.103,0.892,0.000
2.40,14,14,0,0,1.150,1.345,0.121,0.852,0.000
2.50,14,14,0,0,1.136,1.329,0.121,0.886,0.000
2.60,14,14,0,0,1.136,1.318,0.121,0.902,0.000
2.70,16,16,0,0,1.169,1.569,0.138,0.875,0.000
2.80,16,16,0,0,1.158,1.552,0.138,0.901,0.000
2.90,16,16,0,0,1.158,1.541,0.138,0.910,0.000
3.00,18,18,0,0,1.170,1.758,0.155,0.848,0.000
3.10,18,18,0,0,1.159,1.740,0.155,0.885,0.000
3.20,18,18,0,0,1.157,1.729,0.155,0.909,0.000
3.30,18,18,0,0,1.157,1.726,0.155,0.912,0.000
3.40,20,20,0,0,1.162,1.929,0.172,0.841,0.000
3.50,20,20,0,0,1.152,1.910,0.172,0.878,0.000
3.60,20,20,0,0,1.149,1.899,0.172,0.905,0.000
3.70,22,22,0,0,1.149,2.094,0.190,0.872,0.000
3.80,22,22,0,0,1.140,2.072,0.190,0.899,0.000
3.90,22,22,0,0,1.139,2.061,0.190,0.914,0.000
4.00,24,24,0,0,1.151,2.284,0.207,0.865,0.000
4.10,24,24,0,0,1.142,2.259,0.207,0.895,0.000
4.20,24,24,0,0,1.140,2.248,0.207,0.913,0.000
4.30,24,24,0,0,1.140,2.245,0.207,0.916,0.000
4.40,26,26,0,0,1.176,2.537,0.224,0.856,0.000
4.50,26,26,0,0,1.169,2.508,0.224,0.887,0.000
4.60,26,26,0,0,1.165,2.496,0.224,0.909,0.000
4.70,28,28,0,0,1.180,2.748,0.241,0.895,0.000
4.80,28,28,0,0,1.173,2.716,0.241,0.913,0.000
4.90,28,28,0,0,1.172,2.705,0.241,0.918,0.000
5.00,30,30,0,0,1.201,2.970,0.259,0.746,0.000
5.10,30,30,0,0,1.195,2.937,0.259,0.782,0.000
5.20,30,30,0,0,1.188,2.926,0.259,0.819,0.000
5.30,30,30,0,0,1.185,2.915,0.259,0.854,0.000
5.40,32,32,0,0,1.186,3.146,0.276,0.867,0.000
5.50,32,32,0,0,1.181,3.109,0.276,0.874,0.000
5.60,32,32,0,0,1.181,3.099,0.276,0.872,0.000
5.70,34,34,0,0,1.190,3.345,0.293,0.833,0.000
5.80,34,34,0,0,1.184,3.304,0.293,0.854,0.000
5.90,34,34,0,0,1.181,3.293,0.293,0.869,0.000
6.00,36,36,0,0,1.179,3.528,0.310,0.877,0.000
6.10,36,36,0,0,1.175,3.482,0.310,0.875,0.000
6.20,36,36,0,0,1.175,3.475,0.310,0.870,0.000
6.30,36,36,0,0,1.175,3.475,0.310,0.870,0.000
6.40,38,38,0,0,1.182,3.701,0.328,0.769,0.000
6.50,38,38,0,0,1.177,3.656,0.328,0.798,0.000
6.60,38,38,0,0,1.172,3.645,0.328,0.824,0.000
6.70,40,40,0,0,1.168,3.861,0.345,0.839,0.000
6.80,40,40,0,0,1.163,3.806,0.345,0.853,0.000
6.90,40,40,0,0,1.162,3.795,0.345,0.856,0.000
7.00,42,42,0,0,1.144,3.966,0.362,0.858,0.111
7.10,42,42,0,0,1.141,3.914,0.362,0.858,0.111
7.20,42,42,0,0,1.142,3.906,0.362,0.783,0.000
7.30,42,42,0,0,1.137,3.912,0.362,0.807,0.000
7.40,44,44,0,0,1.134,4.117,0.379,0.823,0.111
7.50,44,44,0,0,1.129,4.057,0.379,0.834,0.111
7.60,44,44,0,0,1.129,4.046,0.379,0.835,0.111
7.70,46,46,0,0,1.130,4.271,0.397,0.806,0.111
7.80,46,46,0,0,1.127,4.213,0.397,0.810,0.111
7.90,46,46,0,0,1.122,4.210,0.397,0.830,0.111
8.00,48,48,0,0,1.144,4.515,0.414,0.794,0.111
8.10,48,48,0,0,1.140,4.452,0.422,0.811,0.111
8.20,48,48,0,0,1.135,4.446,0.422,0.829,0.111
8.30,48,48,0,0,1.135,4.427,0.422,0.839,0.111
8.40,50,50,0,0,1.144,4.692,0.438,0.795,0.111
8.50,50,50,0,0,1.140,4.630,0.438,0.812,0.111
8.60,50,50,0,0,1.138,4.619,0.453,0.807,0.111
8.70,52,52,0,0,1.143,4.887,0.469,0.800,0.111
8.80,52,52,0,0,1.139,4.807,0.469,0.819,0.111
8.90,52,52,0,0,1.137,4.796,0.484,0.824,0.111
9.00,54,54,0,0,1.136,5.023,0.500,0.812,0.111
9.10,54,54,0,0,1.132,4.952,0.500,0.825,0.111
9.20,54,54,0,0,1.129,4.941,0.500,0.834,0.111
9.30,54,54,0,0,1.129,4.932,0.500,0.838,0.111
9.40,56,56,0,0,1.122,5.146,0.516,0.839,0.111
9.50,56,56,0,0,1.118,5.079,0.516,0.840,0.111
9.60,56,56,0,0,1.118,5.069,0.516,0.836,0.111
9.70,58,58,0,0,1.105,5.255,0.531,0.838,0.111
9.80,58,58,0,0,1.105,5.186,0.547,0.806,0.111
9.90,58,58,0,0,1.102,5.191,0.547,0.816,0.111
10.00,60,60,0,0,1.101,5.411,0.562,0.818,0.111
10.10,60,60,0,0,1.098,5.339,0.562,0.824,0.111
10.20,60,60,0,0,1.096,5.327,0.562,0.826,0.111
10.30,60,60,0,0,1.096,5.323,0.562,0.826,0.111
10.40,62,62,0,0,1.095,5.553,0.578,0.812,0.111
10.50,62,62,0,0,1.091,5.477,0.578,0.820,0.111
10.60,62,62,0,0,1.092,5.466,0.594,0.827,0.111
10.70,64,64,0,0,1.085,5.678,0.609,0.824,0.111
10.80,64,64,0,0,1.084,5.604,0.625,0.813,0.111
10.90,64,64,0,0,1.081,5.607,0.625,0.823,0.111
11.00,66,66,0,0,1.085,5.849,0.656,0.816,0.111
11.10,66,66,0,0,1.081,5.787,0.656,0.825,0.111
11.20,66,66,0,0,1.079,5.768,0.656,0.828,0.111
11.30,66,66,0,0,1.079,5.761,0.656,0.829,0.111
11.40,68,68,0,0,1.083,6.023,0.688,0.826,0.111
11.50,68,68,0,0,1.079,5.959,0.688,0.829,0.111
11.60,68,68,0,0,1.078,5.942,0.688,0.829,0.111
11.70,70,70,0,0,1.077,6.159,0.703,0.799,0.111
11.80,70,70,0,0,1.076,6.084,0.719,0.810,0.111
11.90,70,70,0,0,1.073,6.086,0.719,0.822,0.111
12.00,72,72,0,0,1.059,6.205,0.750,0.814,0.111
12.10,72,72,0,0,1.055,6.147,0.750,0.826,0.111
12.20,72,72,0,0,1.055,6.123,0.766,0.814,0.111
12.30,72,72,0,0,1.052,6.125,0.766,0.823,0.111
12.40,74,74,0,0,1.061,6.393,0.781,0.798,0.222
12.50,74,74,0,0,1.058,6.317,0.781,0.809,0.222
12.60,74,74,0,0,1.055,6.303,0.781,0.818,0.222
12.70,76,76,0,0,1.057,6.537,0.797,0.796,0.222
12.80,76,76,0,0,1.055,6.453,0.812,0.809,0.222
12.90,76,76,0,0,1.052,6.451,0.859,0.811,0.222
13.00,78,78,0,0,1.051,6.681,0.891,0.793,0.222
13.10,78,78,0,0,1.048,6.575,0.891,0.804,0.222
13.20,78,78,0,0,1.045,6.562,0.906,0.755,0.111
13.30,78,78,0,0,1.040,6.541,0.906,0.781,0.111
13.40,80,80,0,0,1.041,6.749,0.922,0.791,0.222
13.50,80,80,0,0,1.038,6.669,0.922,0.806,0.222
13.60,80,80,0,0,1.036,6.658,0.922,0.812,0.222
13.70,82,82,0,0,1.032,6.847,0.938,0.807,0.222
13.80,82,82,0,0,1.030,6.780,0.938,0.813,0.222
13.90,82,82,0,0,1.031,6.980,0.938,0.815,0.222
14.00,84,84,0,0,1.033,7.255,0.953,0.794,0.222
14.10,84,84,0,0,1.030,7.183,0.969,0.797,0.222
14.20,84,84,0,0,1.026,7.167,0.969,0.807,0.222
14.30,84,84,0,0,1.025,7.139,0.969,0.812,0.222
14.40,86,86,0,0,1.025,7.381,0.984,0.808,0.222
14.50,86,86,0,0,1.023,7.304,0.984,0.811,0.222
14.60,86,86,0,0,1.022,7.293,0.984,0.812,0.222
14.70,88,88,0,0,1.017,7.486,1.000,0.805,0.222
14.80,88,88,0,0,1.015,7.411,1.000,0.809,0.222
14.90,88,88,0,0,1.013,7.400,1.016,0.807,0.222
15.00,90,90,0,0,1.001,7.560,1.031,0.812,0.222
15.10,90,90,0,0,1.000,7.468,1.031,0.810,0.222
15.20,90,90,0,0,1.000,7.461,1.031,0.808,0.222
15.30,90,90,0,0,0.999,7.461,1.047,0.797,0.333
15.40,92,92,0,0,0.989,7.621,1.062,0.799,0.333
15.50,92,92,0,0,0.986,7.529,1.078,0.799,0.333
15.60,92,92,0,0,0.982,7.507,1.078,0.806,0.333
15.70,94,94,0,0,0.975,7.665,1.094,0.808,0.333
15.80,94,94,0,0,0.973,7.588,1.094,0.808,0.333
15.90,94,94,0,0,0.973,7.577,1.094,0.806,0.333
16.00,96,96,0,0,0.967,7.768,1.109,0.804,0.333
16.10,96,96,0,0,0.964,7.686,1.125,0.804,0.333
16.20,96,96,0,0,0.962,7.667,1.125,0.806,0.333
16.30,96,96,0,0,0.962,7.651,1.125,0.805,0.333
16.40,98,98,0,0,0.963,7.906,1.141,0.803,0.333
16.50,98,98,0,0,0.960,7.822,1.141,0.805,0.333
16.60,98,98,0,0,0.958,7.640,1.141,0.817,0.333
16.70,100,100,0,0,0.959,7.865,1.156,0.794,0.333
16.80,100,100,0,0,0.957,7.772,1.156,0.802,0.333
16.90,100,100,0,0,0.955,7.761,1.156,0.809,0.333
17.00,102,102,0,0,0.954,8.218,1.203,0.789,0.333
17.10,102,102,0,0,0.949,8.240,1.203,0.798,0.333
17.20,102,102,0,0,0.946,8.203,1.219,0.797,0.333
17.30,102,102,0,0,0.947,8.362,1.219,0.806,0.333
17.40,104,104,0,0,0.935,8.533,1.234,0.804,0.333
17.50,103,103,0,0,0.927,8.456,1.266,0.784,0.333
17.60,103,103,0,0,0.924,8.344,1.266,0.784,0.333
17.70,105,105,0,0,0.922,8.535,1.281,0.787,0.333
17.80,105,105,0,0,0.919,8.427,1.281,0.798,0.333
17.90,105,105,0,0,0.917,8.403,1.281,0.803,0.333
18.00,107,107,0,0,0.919,8.632,1.297,0.793,0.333
18.10,107,107,0,0,0.917,8.552,1.297,0.798,0.333
18.20,107,107,0,0,0.915,8.541,1.297,0.802,0.333
18.30,107,107,0,0,0.915,8.530,1.297,0.803,0.333
18.40,109,109,0,0,0.916,8.786,1.328,0.786,0.333
18.50,109,109,0,0,0.910,8.679,1.344,0.793,0.333
18.60,109,109,0,0,0.905,8.622,1.344,0.801,0.333
18.70,111,111,0,0,0.902,8.793,1.375,0.775,0.333
18.80,111,111,0,0,0.898,8.682,1.375,0.788,0.333
18.90,111,111,0,0,0.899,8.771,1.375,0.797,0.333
19.00,113,113,0,0,0.895,9.128,1.391,0.799,0.333
19.10,112,112,0,0,0.895,9.104,1.391,0.795,0.333
19.20,112,112,0,0,0.899,9.054,1.375,0.794,0.333
19.30,112,112,0,0,0.899,9.077,1.375,0.794,0.333
19.40,114,114,0,0,0.899,9.299,1.391,0.780,0.333
19.50,114,114,0,0,0.899,9.376,1.406,0.784,0.333
19.60,114,114,0,0,0.896,9.393,1.406,0.789,0.333
19.70,116,116,0,0,0.898,9.638,1.422,0.787,0.333
19.80,116,116,0,0,0.895,9.545,1.422,0.791,0.333
19.90,116,116,0,0,0.894,9.528,1.422,0.792,0.333
20.00,118,118,0,0,0.893,9.720,1.438,0.773,0.333
20.10,118,118,0,0,0.891,9.634,1.438,0.781,0.333
20.20,118,118,0,0,0.890,9.477,1.422,0.788,0.333
20.30,117,117,0,0,0.888,9.367,1.406,0.788,0.333
20.40,118,118,0,0,0.890,9.520,1.406,0.783,0.333
20.50,118,118,0,0,0.892,9.409,1.391,0.788,0.333
20.60,118,118,0,0,0.895,9.495,1.375,0.785,0.333
20.70,120,120,0,0,0.893,9.780,1.391,0.765,0.333
20.80,120,120,0,0,0.890,9.692,1.406,0.769,0.333
20.90,120,120,0,0,0.887,9.668,1.406,0.774,0.333
21.00,122,122,0,0,0.890,9.912,1.422,0.757,0.333
21.10,122,122,0,0,0.890,9.968,1.438,0.763,0.333
21.20,122,122,0,0,0.887,9.971,1.438,0.780,0.333
21.30,122,122,0,0,0.883,9.943,1.453,0.784,0.333
21.40,124,124,0,0,0.883,10.161,1.484,0.762,0.333
21.50,124,124,0,0,0.880,10.027,1.484,0.770,0.333
21.60,124,124,0,0,0.880,10.142,1.500,0.776,0.333
21.70,126,126,0,0,0.874,10.356,1.516,0.770,0.333
21.80,126,126,0,0,0.872,10.237,1.516,0.778,0.333
21.90,126,126,0,0,0.870,10.221,1.516,0.782,0.333
22.00,128,128,0,0,0.869,10.466,1.547,0.772,0.333
22.10,127,127,0,0,0.866,10.341,1.547,0.777,0.333
22.20,127,127,0,0,0.868,10.262,1.531,0.781,0.333
22.30,127,127,0,0,0.867,10.274,1.531,0.784,0.333
22.40,129,129,0,0,0.862,10.451,1.547,0.781,0.333
22.50,129,129,0,0,0.858,10.355,1.562,0.776,0.333
22.60,128,128,0,0,0.857,10.318,1.562,0.782,0.333
22.70,130,130,0,0,0.856,10.463,1.562,0.781,0.333
22.80,129,129,0,0,0.856,10.246,1.547,0.782,0.333
22.90,129,129,0,0,0.860,10.107,1.516,0.777,0.333
23.00,129,129,0,0,0.863,10.396,1.531,0.758,0.333
23.10,129,129,0,0,0.873,10.221,1.484,0.765,0.333
23.20,129,129,0,0,0.872,10.347,1.484,0.772,0.333
23.30,129,129,0,0,0.870,10.173,1.469,0.776,0.333
23.40,131,131,0,0,0.864,10.367,1.500,0.777,0.333
23.50,131,131,0,0,0.866,10.361,1.500,0.777,0.333
23.60,131,131,0,0,0.869,10.545,1.500,0.775,0.333
23.70,133,133,0,0,0.866,10.806,1.516,0.761,0.333
23.80,132,132,0,0,0.865,10.704,1.516,0.766,0.333
23.90,132,132,0,0,0.867,10.651,1.500,0.770,0.333
24.00,134,134,0,0,0.862,10.868,1.516,0.770,0.333
24.10,134,134,0,0,0.860,10.755,1.516,0.772,0.333
24.20,134,134,0,0,0.858,10.738,1.531,0.773,0.333
24.30,134,134,0,0,0.855,10.716,1.547,0.772,0.333
24.40,134,134,0,0,0.853,10.765,1.547,0.765,0.333
24.50,133,133,0,0,0.858,10.570,1.516,0.769,0.333
24.60,132,132,0,0,0.858,10.556,1.516,0.774,0.333
24.70,133,133,0,0,0.863,10.762,1.516,0.762,0.333
24.80,133,133,0,0,0.864,10.626,1.500,0.768,0.333
24.90,133,133,0,0,0.867,10.741,1.500,0.773,0.333
25.00,135,135,0,0,0.862,11.043,1.531,0.776,0.333
25.10,135,135,0,0,0.856,10.792,1.531,0.774,0.333
25.20,135,135,0,0,0.853,10.705,1.547,0.782,0.333
25.30,135,135,0,0,0.861,10.922,1.547,0.780,0.333
25.40,137,137,0,0,0.855,11.289,1.594,0.772,0.333
25.50,137,137,0,0,0.852,11.231,1.609,0.771,0.333
25.60,137,137,0,0,0.847,11.205,1.609,0.776,0.333
25.70,139,139,0,0,0.855,11.480,1.625,0.738,0.333
25.80,139,139,0,0,0.852,11.366,1.625,0.747,0.333
25.90,139,139,0,0,0.851,11.333,1.625,0.756,0.333
26.00,140,140,0,0,0.849,11.491,1.641,0.750,0.333
26.10,140,140,0,0,0.850,11.364,1.625,0.761,0.333
26.20,139,139,0,0,0.848,11.369,1.625,0.772,0.333
26.30,139,139,0,0,0.850,11.310,1.609,0.776,0.333
26.40,140,140,0,0,0.854,11.683,1.625,0.770,0.333
26.50,140,140,0,0,0.859,11.744,1.609,0.774,0.444
26.60,140,140,0,0,0.859,11.884,1.609,0.777,0.444
26.70,142,142,0,0,0.849,12.012,1.641,0.777,0.444
26.80,142,142,0,0,0.846,11.892,1.641,0.779,0.444
26.90,142,142,0,0,0.845,11.841,1.641,0.782,0.444
27.00,144,144,0,0,0.845,12.192,1.656,0.767,0.444
27.10,144,144,0,0,0.843,12.086,1.656,0.772,0.444
27.20,144,144,0,0,0.843,12.171,1.656,0.776,0.444
27.30,144,144,0,0,0.842,12.118,1.656,0.780,0.444
27.40,145,145,0,0,0.837,12.274,1.672,0.759,0.444
27.50,144,144,0,0,0.841,12.223,1.656,0.766,0.444
27.60,143,143,0,0,0.848,12.048,1.625,0.775,0.444
27.70,145,145,0,0,0.852,12.298,1.625,0.758,0.444
27.80,145,145,0,0,0.849,12.302,1.625,0.767,0.444
27.90,145,145,0,0,0.851,12.321,1.609,0.771,0.444
28.00,147,147,0,0,0.840,12.462,1.625,0.789,0.444
28.10,147,147,0,0,0.839,12.361,1.625,0.788,0.444
28.20,147,147,0,0,0.839,12.351,1.625,0.786,0.444
28.30,147,147,0,0,0.838,12.351,1.641,0.786,0.444
28.40,149,149,0,0,0.833,12.523,1.672,0.791,0.444
28.50,149,149,0,0,0.830,12.394,1.672,0.791,0.444
28.60,149,149,0,0,0.830,12.498,1.672,0.789,0.444
28.70,151,87,64,0,0.830,12.705,1.688,0.783,0.444
28.80,151,87,64,0,0.827,12.744,1.703,0.785,0.444
28.90,151,87,64,0,0.823,12.757,1.719,0.782,0.444
29.00,153,88,65,0,0.821,12.857,1.734,0.780,0.444
29.10,153,88,65,0,0.818,12.727,1.734,0.785,0.444
29.20,153,88,65,0,0.820,12.606,1.734,0.786,0.444
29.30,152,87,65,0,0.818,12.725,1.734,0.787,0.444
29.40,154,89,65,0,0.820,13.000,1.734,0.771,0.444
29.50,154,89,65,0,0.818,12.827,1.750,0.779,0.444
29.60,154,89,65,0,0.816,12.774,1.750,0.787,0.444
29.70,156,90,66,0,0.816,12.866,1.750,0.772,0.444
29.80,155,90,65,0,0.818,12.808,1.734,0.777,0.444
29.90,154,90,64,0,0.819,12.878,1.719,0.780,0.444
30.00,156,91,65,0,0.825,13.109,1.719,0.772,0.444
30.10,156,91,65,0,0.823,13.027,1.719,0.780,0.444
30.20,154,91,63,0,0.821,12.997,1.734,0.786,0.444
30.30,154,154,0,0,0.825,12.884,1.719,0.792,0.444
30.40,156,92,64,0,0.820,13.111,1.750,0.781,0.444
30.50,156,92,64,0,0.817,12.965,1.750,0.790,0.444
30.60,156,92,64,0,0.816,12.928,1.750,0.794,0.444
30.70,158,58,100,0,0.811,13.137,1.797,0.776,0.444
30.80,158,57,101,0,0.808,12.968,1.797,0.784,0.444
30.90,158,56,102,0,0.812,12.745,1.766,0.792,0.444
31.00,159,57,102,0,0.810,13.139,1.781,0.769,0.444
31.10,159,58,101,0,0.814,12.968,1.781,0.774,0.444
31.20,159,58,101,0,0.818,12.972,1.766,0.786,0.444
31.30,158,57,101,0,0.820,13.064,1.766,0.787,0.444
31.40,160,59,101,0,0.817,13.241,1.797,0.749,0.444
31.50,159,59,100,0,0.812,13.100,1.812,0.743,0.444
31.60,159,59,100,0,0.810,12.971,1.797,0.768,0.444
31.70,161,58,103,0,0.806,13.104,1.812,0.767,0.444
31.80,161,57,104,0,0.802,12.984,1.812,0.779,0.444
31.90,161,56,105,0,0.800,12.930,1.812,0.786,0.444
32.00,163,58,105,0,0.803,13.101,1.812,0.777,0.444
32.10,163,58,105,0,0.802,13.117,1.812,0.779,0.444
32.20,163,58,105,0,0.798,13.121,1.828,0.782,0.444
32.30,163,57,106,0,0.796,13.060,1.828,0.783,0.444
32.40,165,58,107,0,0.796,13.269,1.844,0.767,0.444
32.50,165,59,106,0,0.798,13.310,1.844,0.772,0.444
32.60,165,59,106,0,0.797,13.349,1.844,0.776,0.444
32.70,167,60,107,0,0.798,13.599,1.859,0.753,0.444
32.80,167,61,106,0,0.801,13.462,1.844,0.760,0.444
32.90,166,61,105,0,0.799,13.479,1.844,0.766,0.444
33.00,168,62,106,0,0.794,13.658,1.875,0.752,0.444
33.10,168,61,107,0,0.790,13.283,1.844,0.762,0.444
33.20,167,59,108,0,0.788,13.283,1.844,0.769,0.444
33.30,166,61,105,0,0.795,13.377,1.844,0.771,0.556
33.40,168,62,106,0,0.798,13.685,1.844,0.768,0.556
33.50,168,61,107,0,0.796,13.519,1.828,0.774,0.556
33.60,168,61,107,0,0.794,13.415,1.812,0.779,0.444
33.70,170,62,108,0,0.792,13.630,1.828,0.773,0.444
33.80,170,62,108,0,0.791,13.519,1.828,0.777,0.444
33.90,170,62,108,0,0.790,13.506,1.828,0.780,0.444
34.00,171,63,108,0,0.789,13.760,1.859,0.729,0.444
34.10,171,65,106,0,0.798,13.701,1.844,0.736,0.556
34.20,171,64,107,0,0.796,13.824,1.844,0.752,0.556
34.30,171,64,107,0,0.794,13.796,1.844,0.761,0.556
34.40,173,66,107,0,0.793,13.951,1.859,0.758,0.556
34.50,173,66,107,0,0.794,13.897,1.844,0.765,0.556
34.60,173,66,107,0,0.792,13.954,1.844,0.776,0.556
34.70,175,67,108,0,0.789,14.161,1.859,0.777,0.556
34.80,175,67,108,0,0.787,14.064,1.859,0.777,0.556
34.90,175,66,109,0,0.787,14.043,1.859,0.776,0.556
35.00,177,68,109,0,0.787,14.296,1.875,0.763,0.556
35.10,177,68,109,0,0.785,14.181,1.875,0.768,0.556
35.20,177,69,108,0,0.787,14.303,1.875,0.769,0.556
35.30,177,68,109,0,0.782,14.333,1.906,0.766,0.556
35.40,179,70,109,0,0.777,14.510,1.922,0.761,0.556
35.50,179,71,108,0,0.781,14.542,1.922,0.770,0.556
35.60,179,71,108,0,0.781,14.510,1.922,0.774,0.444
35.70,181,72,109,0,0.780,14.759,1.938,0.749,0.444
35.80,181,72,109,0,0.779,14.638,1.938,0.755,0.444
35.90,181,72,109,0,0.781,14.436,1.922,0.761,0.556
36.00,183,74,109,0,0.782,14.711,1.922,0.763,0.556
36.10,183,73,110,0,0.781,14.570,1.906,0.764,0.556
36.20,183,72,111,0,0.779,14.518,1.906,0.764,0.556
36.30,182,72,110,0,0.776,14.516,1.922,0.762,0.556
36.40,183,73,110,0,0.781,14.711,1.922,0.746,0.556
36.50,183,72,111,0,0.780,14.566,1.922,0.754,0.556
36.60,183,72,111,0,0.775,14.528,1.938,0.760,0.556
36.70,185,73,112,0,0.771,14.682,1.953,0.753,0.556
36.80,185,72,113,0,0.774,14.616,1.953,0.763,0.556
36.90,185,72,113,0,0.771,14.690,1.969,0.764,0.556
37.00,187,73,114,0,0.769,14.869,1.984,0.762,0.556
37.10,187,72,115,0,0.767,14.766,1.984,0.761,0.556
37.20,186,71,115,0,0.767,14.753,1.984,0.763,0.556
37.30,186,71,115,0,0.771,14.711,1.969,0.764,0.556
37.40,188,73,115,0,0.766,14.933,1.984,0.763,0.556
37.50,187,73,114,0,0.766,14.798,1.984,0.764,0.556
37.60,187,72,115,0,0.769,14.777,1.969,0.762,0.556
37.70,188,74,114,0,0.762,14.968,2.000,0.761,0.556
37.80,188,74,114,0,0.765,14.757,1.984,0.765,0.444
37.90,186,70,116,0,0.756,14.677,2.000,0.763,0.444
38.00,187,72,115,0,0.763,14.714,2.000,0.750,0.444
38.10,187,73,114,0,0.772,14.542,1.969,0.756,0.556
38.20,186,74,112,0,0.775,14.799,1.984,0.763,0.556
38.30,186,72,114,0,0.775,14.775,1.984,0.768,0.556
38.40,188,74,114,0,0.771,14.951,2.000,0.757,0.556
38.50,188,73,115,0,0.767,14.797,2.016,0.761,0.444
38.60,188,73,115,0,0.766,14.743,2.016,0.769,0.444
38.70,190,74,116,0,0.764,14.908,2.031,0.758,0.444
38.80,190,74,116,0,0.762,14.837,2.031,0.762,0.444
38.90,190,73,117,0,0.759,14.807,2.031,0.765,0.444
39.00,192,74,118,0,0.756,14.972,2.047,0.745,0.444
39.10,192,74,118,0,0.756,14.816,2.047,0.757,0.444
39.20,192,74,118,0,0.755,14.826,2.047,0.760,0.444
39.30,191,74,117,0,0.755,14.815,2.047,0.764,0.444
39.40,193,76,117,0,0.765,15.095,2.031,0.747,0.444
39.50,193,76,117,0,0.765,14.895,1.984,0.755,0.556
39.60,193,77,116,0,0.768,15.114,1.984,0.758,0.556
39.70,194,79,115,0,0.765,15.366,2.000,0.752,0.556
39.80,194,78,116,0,0.767,15.210,1.984,0.758,0.556
39.90,194,78,116,0,0.766,15.228,1.984,0.764,0.556
40.00,196,79,117,0,0.761,15.418,2.016,0.740,0.556
40.10,196,78,118,0,0.758,15.242,2.016,0.747,0.556
40.20,196,78,118,0,0.758,15.123,2.016,0.753,0.556
40.30,196,80,116,0,0.765,15.283,2.016,0.760,0.556
40.40,198,82,116,0,0.766,15.495,2.016,0.751,0.556
40.50,198,83,115,0,0.765,15.374,2.016,0.757,0.556
40.60,198,82,116,0,0.763,15.414,2.016,0.764,0.556
40.70,200,82,118,0,0.760,15.601,2.031,0.749,0.556
40.80,200,82,118,0,0.756,15.450,2.047,0.751,0.556
40.90,200,82,118,0,0.751,15.279,2.047,0.758,0.556
41.00,202,82,120,0,0.749,15.469,2.062,0.743,0.556
41.10,202,81,121,0,0.745,15.295,2.062,0.750,0.556
41.20,202,83,119,0,0.752,15.425,2.062,0.756,0.556
41.30,202,83,119,0,0.749,15.552,2.078,0.760,0.556
41.40,204,84,120,0,0.746,15.785,2.094,0.756,0.556
41.50,204,84,120,0,0.744,15.629,2.094,0.762,0.556
41.60,204,84,120,0,0.745,15.757,2.094,0.760,0.556
41.70,206,86,120,0,0.744,15.979,2.109,0.751,0.556
41.80,205,86,119,0,0.744,15.833,2.109,0.754,0.556
41.90,205,86,119,0,0.743,15.807,2.125,0.744,0.556
42.00,206,87,119,0,0.744,15.995,2.156,0.738,0.556
42.10,206,84,122,0,0.742,15.789,2.156,0.744,0.556
42.20,206,84,122,0,0.738,15.694,2.172,0.740,0.556
42.30,204,82,122,0,0.738,15.576,2.156,0.755,0.556
42.40,206,84,122,0,0.742,15.770,2.141,0.757,0.556
42.50,205,83,122,0,0.740,15.736,2.141,0.762,0.556
42.60,205,82,123,0,0.744,15.657,2.125,0.765,0.556
42.70,206,84,122,0,0.744,15.811,2.125,0.760,0.556
42.80,205,84,121,0,0.747,15.767,2.109,0.758,0.556
42.90,205,84,121,0,0.747,15.756,2.109,0.762,0.556
43.00,207,84,123,0,0.745,15.942,2.125,0.753,0.556
43.10,207,84,123,0,0.741,15.816,2.141,0.755,0.556
43.20,205,82,123,0,0.734,15.745,2.141,0.759,0.556
43.30,205,81,124,0,0.733,15.573,2.141,0.750,0.556
43.40,207,83,124,0,0.735,15.726,2.141,0.737,0.667
43.50,206,85,121,0,0.739,15.699,2.125,0.744,0.667
43.60,206,84,122,0,0.738,15.797,2.125,0.747,0.667
43.70,208,85,123,0,0.735,15.984,2.141,0.747,0.667
43.80,207,84,123,0,0.734,15.860,2.156,0.744,0.667
43.90,207,84,123,0,0.737,15.767,2.141,0.756,0.667
44.00,209,86,123,0,0.737,16.045,2.156,0.725,0.667
44.10,209,85,124,0,0.737,15.861,2.156,0.731,0.667
44.20,209,85,124,0,0.738,15.779,2.141,0.738,0.667
44.30,209,85,124,0,0.734,15.872,2.156,0.742,0.667
44.40,210,85,125,0,0.731,15.949,2.172,0.734,0.667
44.50,209,85,124,0,0.733,15.804,2.156,0.744,0.667
44.60,209,85,124,0,0.732,15.801,2.156,0.736,0.667
44.70,210,86,124,0,0.721,16.057,2.188,0.731,0.667
44.80,210,86,124,0,0.716,15.628,2.188,0.743,0.667
44.90,210,83,127,0,0.717,15.699,2.188,0.746,0.667
45.00,212,85,127,0,0.707,15.868,2.219,0.755,0.667
45.10,212,84,128,0,0.708,15.437,2.188,0.759,0.667
45.20,211,83,128,0,0.711,15.643,2.188,0.750,0.667
45.30,211,84,127,0,0.716,15.659,2.172,0.753,0.667
45.40,213,86,127,0,0.716,15.982,2.188,0.745,0.556
45.50,213,86,127,0,0.716,15.792,2.172,0.747,0.556
45.60,213,86,127,0,0.715,15.859,2.172,0.749,0.556
45.70,215,87,128,0,0.712,16.062,2.188,0.744,0.556
45.80,215,87,128,0,0.712,15.862,2.188,0.745,0.556
45.90,215,86,129,0,0.708,15.790,2.188,0.743,0.556
46.00,217,88,129,0,0.707,16.003,2.203,0.731,0.556
46.10,217,88,129,0,0.701,15.797,2.203,0.737,0.556
46.20,217,86,131,0,0.699,15.706,2.203,0.741,0.556
46.30,217,85,132,0,0.696,15.661,2.203,0.744,0.556
46.40,218,86,132,0,0.690,15.828,2.219,0.723,0.556
46.50,218,86,132,0,0.684,15.506,2.219,0.728,0.444
46.60,218,86,132,0,0.682,15.397,2.219,0.734,0.444
46.70,220,87,133,0,0.677,15.532,2.234,0.731,0.444
46.80,220,86,134,0,0.673,15.315,2.219,0.735,0.444
46.90,220,85,135,0,0.671,15.243,2.219,0.741,0.444
47.00,222,87,135,0,0.670,15.404,2.234,0.736,0.444
47.10,221,87,134,0,0.667,15.202,2.219,0.733,0.444
47.20,221,86,135,0,0.675,15.158,2.203,0.741,0.444
47.30,221,87,134,0,0.673,15.239,2.188,0.746,0.444
47.40,223,89,134,0,0.666,15.364,2.219,0.713,0.444
47.50,223,89,134,0,0.664,15.188,2.219,0.723,0.444
47.60,223,89,134,0,0.659,15.028,2.203,0.738,0.444
47.70,225,89,136,0,0.654,15.075,2.219,0.732,0.444
47.80,225,89,136,0,0.654,14.899,2.219,0.741,0.444
47.90,225,89,136,0,0.652,14.812,2.203,0.744,0.444
48.00,227,90,137,0,0.647,15.028,2.234,0.740,0.444
48.10,227,89,138,0,0.644,14.817,2.234,0.744,0.444
48.20,227,89,138,0,0.638,14.762,2.250,0.747,0.444
48.30,227,87,140,0,0.632,14.641,2.266,0.741,0.444
48.40,229,89,140,0,0.638,14.743,2.281,0.730,0.444
48.50,229,89,140,0,0.637,14.761,2.281,0.736,0.444
48.60,228,88,140,0,0.633,14.690,2.281,0.740,0.444
48.70,230,89,141,0,0.637,14.752,2.297,0.731,0.444
48.80,229,89,140,0,0.622,14.663,2.328,0.726,0.444
48.90,228,87,141,0,0.624,14.255,2.312,0.737,0.444
49.00,230,87,143,0,0.621,14.385,2.312,0.735,0.444
49.10,230,87,143,0,0.627,14.278,2.312,0.739,0.444
49.20,230,87,143,0,0.624,14.342,2.297,0.739,0.444
49.30,229,87,142,0,0.622,14.279,2.312,0.749,0.556
49.40,230,88,142,0,0.621,14.480,2.312,0.737,0.556
49.50,230,87,143,0,0.619,14.298,2.312,0.740,0.444
49.60,230,86,144,0,0.615,14.174,2.297,0.742,0.444
49.70,232,88,144,0,0.609,14.297,2.328,0.729,0.444
49.80,232,88,144,0,0.613,14.095,2.328,0.732,0.444
49.90,232,87,145,0,0.614,14.223,2.328,0.739,0.556
50.00,234,89,145,0,0.613,14.521,2.344,0.714,0.444
50.10,234,89,145,0,0.612,14.425,2.344,0.718,0.444
50.20,232,88,144,0,0.608,14.514,2.359,0.721,0.444
50.30,232,88,144,0,0.618,14.484,2.344,0.723,0.444
50.40,234,89,145,0,0.625,14.917,2.359,0.718,0.556
50.50,234,91,143,0,0.626,15.131,2.359,0.710,0.556
50.60,234,91,143,0,0.622,15.258,2.375,0.709,0.556
50.70,236,91,145,0,0.622,15.446,2.391,0.700,0.556
50.80,235,91,144,0,0.621,15.416,2.391,0.705,0.556
50.90,235,92,143,0,0.622,15.382,2.391,0.719,0.556
51.00,236,93,143,0,0.621,15.636,2.406,0.696,0.556
51.10,236,92,144,0,0.624,15.460,2.391,0.699,0.556
51.20,236,92,144,0,0.613,15.477,2.422,0.707,0.556
51.30,236,91,145,0,0.610,15.236,2.422,0.711,0.556
51.40,238,91,147,0,0.605,15.265,2.438,0.717,0.556
51.50,237,90,147,0,0.593,15.123,2.469,0.704,0.556
51.60,236,90,146,0,0.596,14.819,2.453,0.704,0.556
51.70,238,90,148,0,0.599,14.940,2.453,0.697,0.556
51.80,238,90,148,0,0.593,14.696,2.453,0.704,0.556
51.90,237,89,148,0,0.593,14.467,2.453,0.703,0.556
52.00,239,90,149,0,0.599,14.591,2.453,0.674,0.556
52.10,239,90,149,0,0.600,14.526,2.469,0.669,0.556
52.20,239,90,149,0,0.599,14.540,2.469,0.679,0.556
52.30,239,89,150,0,0.598,14.446,2.469,0.688,0.556
52.40,241,90,151,0,0.601,14.714,2.484,0.662,0.556
52.50,241,90,151,0,0.598,14.639,2.484,0.675,0.556
52.60,241,90,151,0,0.597,14.587,2.484,0.687,0.556
52.70,243,93,150,0,0.594,14.702,2.484,0.688,0.556
52.80,243,93,150,0,0.594,14.621,2.484,0.695,0.556
52.90,243,92,151,0,0.593,14.664,2.484,0.700,0.556
53.00,244,92,152,0,0.585,14.846,2.500,0.688,0.556
53.10,244,92,152,0,0.585,14.587,2.500,0.698,0.556
53.20,244,92,152,0,0.585,14.625,2.500,0.703,0.556
53.30,243,91,152,0,0.584,14.614,2.500,0.706,0.556
53.40,245,93,152,0,0.585,14.663,2.484,0.703,0.556
53.50,245,93,152,0,0.584,14.542,2.484,0.712,0.556
53.60,244,91,153,0,0.579,14.367,2.484,0.719,0.556
53.70,245,93,152,0,0.579,14.414,2.516,0.698,0.556
53.80,245,92,153,0,0.583,14.196,2.500,0.713,0.556
53.90,245,91,154,0,0.581,14.232,2.500,0.718,0.556
54.00,247,92,155,0,0.578,14.414,2.516,0.697,0.556
54.10,247,92,155,0,0.577,14.244,2.516,0.701,0.556
54.20,246,92,154,0,0.578,14.237,2.516,0.707,0.556
54.30,246,92,154,0,0.582,14.203,2.500,0.720,0.556
54.40,247,93,154,0,0.574,14.103,2.484,0.720,0.556
54.50,247,93,154,0,0.580,13.873,2.500,0.711,0.556
54.60,247,91,156,0,0.579,13.988,2.500,0.722,0.556
54.70,249,92,157,0,0.577,14.121,2.516,0.696,0.556
54.80,249,92,157,0,0.575,13.880,2.516,0.715,0.556
54.90,249,93,156,0,0.574,13.877,2.516,0.726,0.556
55.00,251,93,158,0,0.571,14.073,2.562,0.716,0.556
55.10,251,92,159,0,0.567,13.958,2.562,0.728,0.556
55.20,251,90,161,0,0.563,13.870,2.562,0.726,0.556
55.30,251,90,161,0,0.561,13.717,2.547,0.726,0.556
55.40,253,92,161,0,0.561,13.905,2.562,0.719,0.556
55.50,253,92,161,0,0.559,13.759,2.562,0.721,0.556
55.60,253,92,161,0,0.558,13.724,2.562,0.727,0.556
55.70,255,93,162,0,0.558,13.807,2.625,0.694,0.556
55.80,255,91,164,0,0.554,13.725,2.625,0.718,0.556
55.90,255,90,165,0,0.553,13.652,2.625,0.724,0.556
56.00,257,91,166,0,0.552,13.855,2.641,0.686,0.556
56.10,257,91,166,0,0.548,13.647,2.641,0.695,0.444
56.20,257,91,166,0,0.545,13.437,2.641,0.703,0.444
56.30,257,91,166,0,0.544,13.362,2.641,0.707,0.444
56.40,258,91,167,0,0.537,13.513,2.656,0.709,0.444
56.50,258,91,167,0,0.534,13.187,2.656,0.716,0.444
56.60,258,90,168,0,0.532,13.117,2.672,0.726,0.444
56.70,259,91,168,0,0.523,13.234,2.703,0.718,0.444
56.80,259,89,170,0,0.521,12.860,2.688,0.719,0.444
56.90,259,88,171,0,0.518,12.794,2.688,0.725,0.444
57.00,261,90,171,0,0.515,12.930,2.703,0.716,0.444
57.10,260,89,171,0,0.510,12.832,2.703,0.722,0.444
57.20,260,88,172,0,0.510,12.721,2.703,0.722,0.444
57.30,260,88,172,0,0.511,12.737,2.703,0.724,0.444
57.40,262,90,172,0,0.512,13.074,2.719,0.700,0.444
57.50,262,90,172,0,0.512,12.973,2.719,0.705,0.444
57.60,262,91,171,0,0.512,12.998,2.719,0.709,0.444
57.70,264,92,172,0,0.511,13.279,2.734,0.683,0.444
57.80,264,92,172,0,0.509,13.136,2.734,0.689,0.444
57.90,264,92,172,0,0.510,13.119,2.750,0.697,0.444
58.00,266,94,172,0,0.505,13.346,2.766,0.698,0.444
58.10,266,92,174,0,0.502,13.238,2.766,0.707,0.444
58.20,265,91,174,0,0.496,13.199,2.766,0.709,0.444
58.30,265,91,174,0,0.495,13.104,2.766,0.709,0.444
58.40,267,93,174,0,0.494,13.347,2.781,0.681,0.444
58.50,267,93,174,0,0.493,13.210,2.781,0.683,0.444
58.60,267,93,174,0,0.493,13.190,2.781,0.688,0.444
58.70,269,94,175,0,0.489,13.385,2.797,0.685,0.444
58.80,268,94,174,0,0.490,13.243,2.812,0.689,0.444
58.90,268,92,176,0,0.494,13.237,2.812,0.695,0.444
59.00,269,94,175,0,0.492,13.529,2.844,0.680,0.556
59.10,269,92,177,0,0.494,13.277,2.812,0.683,0.556
59.20,269,92,177,0,0.491,13.257,2.812,0.709,0.556
59.30,269,91,178,0,0.490,13.175,2.812,0.711,0.556
59.40,271,93,178,0,0.488,13.337,2.844,0.687,0.556
59.50,271,93,178,0,0.486,13.153,2.844,0.694,0.556
59.60,271,92,179,0,0.485,13.142,2.844,0.702,0.556
59.70,273,94,179,0,0.485,13.424,2.875,0.687,0.556
59.80,273,94,179,0,0.482,13.314,2.875,0.694,0.556
59.90,273,93,180,0,0.481,13.284,2.875,0.702,0.556
60.00,274,94,180,0,0.477,13.486,2.891,0.696,0.556
